<?xml version="1.0" encoding="UTF-8"?>
<metadata xml:lang="en"><Esri><CreaDate>20200319</CreaDate><CreaTime>11035100</CreaTime><ArcGISFormat>1.0</ArcGISFormat><SyncOnce>FALSE</SyncOnce><DataProperties><itemProps><itemName Sync="TRUE">Export_Output_Merge4</itemName><imsContentType Sync="TRUE">002</imsContentType><itemSize Sync="TRUE">0.000</itemSize><itemLocation><linkage Sync="TRUE">file://\\DESKTOP-9PQ69P3\C$\Users\Likhitha\Documents\ArcGIS\Default.gdb</linkage><protocol Sync="TRUE">Local Area Network</protocol></itemLocation></itemProps><coordRef><type Sync="TRUE">Projected</type><geogcsn Sync="TRUE">GCS_WGS_1984</geogcsn><csUnits Sync="TRUE">Linear Unit: Meter (1.000000)</csUnits><projcsn Sync="TRUE">WGS_1984_Web_Mercator_Auxiliary_Sphere</projcsn><peXml Sync="TRUE">&lt;ProjectedCoordinateSystem xsi:type='typens:ProjectedCoordinateSystem' xmlns:xsi='http://www.w3.org/2001/XMLSchema-instance' xmlns:xs='http://www.w3.org/2001/XMLSchema' xmlns:typens='http://www.esri.com/schemas/ArcGIS/10.6'&gt;&lt;WKT&gt;PROJCS[&amp;quot;WGS_1984_Web_Mercator_Auxiliary_Sphere&amp;quot;,GEOGCS[&amp;quot;GCS_WGS_1984&amp;quot;,DATUM[&amp;quot;D_WGS_1984&amp;quot;,SPHEROID[&amp;quot;WGS_1984&amp;quot;,6378137.0,298.257223563]],PRIMEM[&amp;quot;Greenwich&amp;quot;,0.0],UNIT[&amp;quot;Degree&amp;quot;,0.0174532925199433]],PROJECTION[&amp;quot;Mercator_Auxiliary_Sphere&amp;quot;],PARAMETER[&amp;quot;False_Easting&amp;quot;,0.0],PARAMETER[&amp;quot;False_Northing&amp;quot;,0.0],PARAMETER[&amp;quot;Central_Meridian&amp;quot;,0.0],PARAMETER[&amp;quot;Standard_Parallel_1&amp;quot;,0.0],PARAMETER[&amp;quot;Auxiliary_Sphere_Type&amp;quot;,0.0],UNIT[&amp;quot;Meter&amp;quot;,1.0],AUTHORITY[&amp;quot;EPSG&amp;quot;,3857]]&lt;/WKT&gt;&lt;XOrigin&gt;-20037700&lt;/XOrigin&gt;&lt;YOrigin&gt;-30241100&lt;/YOrigin&gt;&lt;XYScale&gt;10000&lt;/XYScale&gt;&lt;ZOrigin&gt;-100000&lt;/ZOrigin&gt;&lt;ZScale&gt;10000&lt;/ZScale&gt;&lt;MOrigin&gt;-100000&lt;/MOrigin&gt;&lt;MScale&gt;10000&lt;/MScale&gt;&lt;XYTolerance&gt;0.001&lt;/XYTolerance&gt;&lt;ZTolerance&gt;0.001&lt;/ZTolerance&gt;&lt;MTolerance&gt;0.001&lt;/MTolerance&gt;&lt;HighPrecision&gt;true&lt;/HighPrecision&gt;&lt;WKID&gt;102100&lt;/WKID&gt;&lt;LatestWKID&gt;3857&lt;/LatestWKID&gt;&lt;/ProjectedCoordinateSystem&gt;</peXml></coordRef><lineage><Process ToolSource="c:\program files\arcgis\pro\Resources\ArcToolbox\toolboxes\Data Management Tools.tbx\CopyFeatures" Date="20181113" Time="145528">CopyFeatures BLM_LEASES_2018_11_13 "H:\Magnum Leases_11_13_2018.shp" # # # #</Process><Process ToolSource="c:\program files (x86)\arcgis\desktop10.6\ArcToolbox\Toolboxes\Data Management Tools.tbx\Merge" Date="20181113" Time="155832">Merge 'Magnum Leases_11_13_2018';UPDATED "H:\NEW+OLD\NEW Shapefiles\MAGNUM&amp; R&amp;R SHAPEFILE\Mag_R_R.shp" "OBJECTID "OBJECTID" true true false 10 Long 0 10 ,First,#,Magnum Leases_11_13_2018,OBJECTID,-1,-1;LEASE_NO "LEASE_NO" true true false 254 Text 0 0 ,First,#,Magnum Leases_11_13_2018,LEASE_NO,-1,-1,UPDATED,LEASE_NO,-1,-1;RA_ "RA_" true true false 254 Text 0 0 ,First,#,Magnum Leases_11_13_2018,RA_,-1,-1;KA_ "KA_" true true false 254 Text 0 0 ,First,#,Magnum Leases_11_13_2018,KA_,-1,-1;EFFECTIVE "EFFECTIVE" true true false 8 Date 0 0 ,First,#,Magnum Leases_11_13_2018,EFFECTIVE,-1,-1,UPDATED,EFFECTIVE,-1,-1;EXPIRATION "EXPIRATION" true true false 8 Date 0 0 ,First,#,Magnum Leases_11_13_2018,DUE_DATE,-1,-1;TOTAL_PAID "TOTAL_PAID" true true false 19 Double 0 0 ,First,#,Magnum Leases_11_13_2018,TOTAL_PAID,-1,-1;ACRES "ACRES" true true false 19 Double 0 0 ,First,#,Magnum Leases_11_13_2018,NO__OF_ACR,-1,-1;COUNTY "COUNTY" true true false 254 Text 0 0 ,First,#,Magnum Leases_11_13_2018,COUNTY,-1,-1,UPDATED,COUNTY,-1,-1;ST "ST" true true false 254 Text 0 0 ,First,#,Magnum Leases_11_13_2018,ST,-1,-1,UPDATED,ST,-1,-1;Ownership "Ownership" true true false 50 Text 0 0 ,First,#,Magnum Leases_11_13_2018,Ownership,-1,-1;Shape_Leng "Shape_Leng" true true false 19 Double 0 0 ,First,#,Magnum Leases_11_13_2018,Shape_Leng,-1,-1,UPDATED,Shape_Leng,-1,-1;Shape_Area "Shape_Area" true true false 19 Double 0 0 ,First,#,Magnum Leases_11_13_2018,Shape_Area,-1,-1,UPDATED,Shape_Area,-1,-1;GeneralLoc "GeneralLoc" true true false 5 Text 0 0 ,First,#,Magnum Leases_11_13_2018,GeneralLoc,-1,-1,UPDATED,GeneralLoc,-1,-1;Due_Year "Due_Year" true true false 5 Long 0 5 ,First,#,Magnum Leases_11_13_2018,Due_Year,-1,-1,UPDATED,Due_Year,-1,-1;DUE_DATE "DUE_DATE" true true false 8 Date 0 0 ,First,#,UPDATED,DUE_DATE,-1,-1;NO__OF_ACR "NO__OF_ACR" true true false 19 Double 0 0 ,First,#,UPDATED,NO__OF_ACR,-1,-1;HYPERLINK "HYPERLINK" true true false 254 Text 0 0 ,First,#,UPDATED,HYPERLINK,-1,-1;Comments "Comments" true true false 250 Text 0 0 ,First,#,UPDATED,Comments,-1,-1"</Process><Process ToolSource="c:\program files (x86)\arcgis\desktop10.6\ArcToolbox\Toolboxes\Data Management Tools.tbx\Merge" Date="20200203" Time="102132">Merge Export_Output;Updated_BLM_PENDING_LEASES C:\Users\Likhitha\Documents\ArcGIS\Default.gdb\Export_Output_Merge2 "OBJECTID "OBJECTID" true true false 10 Long 0 10 ,First,#,Export_Output,OBJECTID,-1,-1;LEASE_NO "LEASE_NO" true true false 254 Text 0 0 ,First,#,Export_Output,LEASE_NO,-1,-1,Updated_BLM_PENDING_LEASES,LEASE_NO,-1,-1;EFFECTIVE "EFFECTIVE" true true false 8 Date 0 0 ,First,#,Export_Output,EFFECTIVE,-1,-1,Updated_BLM_PENDING_LEASES,EFFECTIVE,-1,-1;EXPIRATION "EXPIRATION" true true false 8 Date 0 0 ,First,#,Export_Output,EXPIRATION,-1,-1;TOTAL_PAID "TOTAL_PAID" true true false 19 Double 0 0 ,First,#,Export_Output,TOTAL_PAID,-1,-1;ACRES "ACRES" true true false 19 Double 0 0 ,First,#,Export_Output,ACRES,-1,-1,Updated_BLM_PENDING_LEASES,ACRES,-1,-1;COUNTY "COUNTY" true true false 254 Text 0 0 ,First,#,Export_Output,COUNTY,-1,-1,Updated_BLM_PENDING_LEASES,COUNTY,-1,-1;ST "ST" true true false 254 Text 0 0 ,First,#,Export_Output,ST,-1,-1,Updated_BLM_PENDING_LEASES,ST,-1,-1;Ownership "Ownership" true true false 50 Text 0 0 ,First,#,Export_Output,Ownership,-1,-1,Updated_BLM_PENDING_LEASES,Ownership,-1,-1;Shape_Leng "Shape_Leng" true true false 19 Double 0 0 ,First,#,Export_Output,Shape_Leng,-1,-1,Updated_BLM_PENDING_LEASES,Shape_Leng,-1,-1;Shape_Area "Shape_Area" true true false 19 Double 0 0 ,First,#,Export_Output,Shape_Area,-1,-1,Updated_BLM_PENDING_LEASES,Shape_Area,-1,-1;GeneralLoc "GeneralLoc" true true false 5 Text 0 0 ,First,#,Export_Output,GeneralLoc,-1,-1,Updated_BLM_PENDING_LEASES,GeneralLoc,-1,-1;Due_Year "Due_Year" true true false 5 Long 0 5 ,First,#,Export_Output,Due_Year,-1,-1,Updated_BLM_PENDING_LEASES,Due_Year,-1,-1;DUE_DATE "DUE_DATE" true true false 8 Date 0 0 ,First,#,Export_Output,DUE_DATE,-1,-1,Updated_BLM_PENDING_LEASES,DUE_DATE,-1,-1;NO__OF_ACR "NO__OF_ACR" true true false 19 Double 0 0 ,First,#,Export_Output,NO__OF_ACR,-1,-1;HYPERLINK "HYPERLINK" true true false 254 Text 0 0 ,First,#,Export_Output,HYPERLINK,-1,-1;Comments "Comments" true true false 250 Text 0 0 ,First,#,Export_Output,Comments,-1,-1,Updated_BLM_PENDING_LEASES,Comments,-1,-1"</Process><Process ToolSource="c:\program files (x86)\arcgis\desktop10.6\ArcToolbox\Toolboxes\Data Management Tools.tbx\Merge" Date="20200319" Time="105932">Merge Export_Output;Updated_BLM_PENDING_LEASES C:\Users\Likhitha\Documents\ArcGIS\Default.gdb\Export_Output_Merge4 "OBJECTID_1 "OBJECTID_1" true true false 10 Long 0 10 ,First,#,Export_Output,OBJECTID_1,-1,-1;OBJECTID "OBJECTID" true true false 10 Long 0 10 ,First,#,Export_Output,OBJECTID,-1,-1;LEASE_NO "LEASE_NO" true true false 254 Text 0 0 ,First,#,Export_Output,LEASE_NO,-1,-1,Updated_BLM_PENDING_LEASES,LEASE_NO,-1,-1;EFFECTIVE "EFFECTIVE" true true false 8 Date 0 0 ,First,#,Export_Output,EFFECTIVE,-1,-1,Updated_BLM_PENDING_LEASES,EFFECTIVE,-1,-1;EXPIRATION "EXPIRATION" true true false 8 Date 0 0 ,First,#,Export_Output,EXPIRATION,-1,-1;TOTAL_PAID "TOTAL_PAID" true true false 19 Double 0 0 ,First,#,Export_Output,TOTAL_PAID,-1,-1;ACRES "ACRES" true true false 19 Double 0 0 ,First,#,Export_Output,ACRES,-1,-1,Updated_BLM_PENDING_LEASES,ACRES,-1,-1;COUNTY "COUNTY" true true false 254 Text 0 0 ,First,#,Export_Output,COUNTY,-1,-1,Updated_BLM_PENDING_LEASES,COUNTY,-1,-1;ST "ST" true true false 254 Text 0 0 ,First,#,Export_Output,ST,-1,-1,Updated_BLM_PENDING_LEASES,ST,-1,-1;Ownership "Ownership" true true false 50 Text 0 0 ,First,#,Export_Output,Ownership,-1,-1,Updated_BLM_PENDING_LEASES,Ownership,-1,-1;Shape_Leng "Shape_Leng" true true false 19 Double 0 0 ,First,#,Export_Output,Shape_Leng,-1,-1,Updated_BLM_PENDING_LEASES,Shape_Leng,-1,-1;GeneralLoc "GeneralLoc" true true false 5 Text 0 0 ,First,#,Export_Output,GeneralLoc,-1,-1,Updated_BLM_PENDING_LEASES,GeneralLoc,-1,-1;Due_Year "Due_Year" true true false 10 Long 0 10 ,First,#,Export_Output,Due_Year,-1,-1,Updated_BLM_PENDING_LEASES,Due_Year,-1,-1;DUE_DATE "DUE_DATE" true true false 8 Date 0 0 ,First,#,Export_Output,DUE_DATE,-1,-1,Updated_BLM_PENDING_LEASES,DUE_DATE,-1,-1;NO__OF_ACR "NO__OF_ACR" true true false 19 Double 0 0 ,First,#,Export_Output,NO__OF_ACR,-1,-1;HYPERLINK "HYPERLINK" true true false 254 Text 0 0 ,First,#,Export_Output,HYPERLINK,-1,-1;Comments "Comments" true true false 250 Text 0 0 ,First,#,Export_Output,Comments,-1,-1,Updated_BLM_PENDING_LEASES,Comments,-1,-1;Shape_Le_1 "Shape_Le_1" true true false 19 Double 0 0 ,First,#,Export_Output,Shape_Le_1,-1,-1;Shape_Area "Shape_Area" true true false 19 Double 0 0 ,First,#,Export_Output,Shape_Area,-1,-1,Updated_BLM_PENDING_LEASES,Shape_Area,-1,-1"</Process></lineage></DataProperties><SyncDate>20200319</SyncDate><SyncTime>10593100</SyncTime><ModDate>20200319</ModDate><ModTime>10593100</ModTime></Esri><dataIdInfo><envirDesc Sync="TRUE"> Version 6.2 (Build 9200) ; Esri ArcGIS 10.6.1.9270</envirDesc><dataLang><languageCode value="eng" Sync="TRUE"></languageCode><countryCode value="USA" Sync="TRUE"></countryCode></dataLang><idCitation><resTitle Sync="TRUE">Export_Output_Merge4</resTitle><presForm><PresFormCd value="005" Sync="TRUE"></PresFormCd></presForm></idCitation><spatRpType><SpatRepTypCd value="001" Sync="TRUE"></SpatRepTypCd></spatRpType></dataIdInfo><mdLang><languageCode value="eng" Sync="TRUE"></languageCode><countryCode value="USA" Sync="TRUE"></countryCode></mdLang><mdChar><CharSetCd value="004" Sync="TRUE"></CharSetCd></mdChar><distInfo><distFormat><formatName Sync="TRUE">File Geodatabase Feature Class</formatName></distFormat><distTranOps><transSize Sync="TRUE">0.000</transSize></distTranOps></distInfo><mdHrLv><ScopeCd value="005" Sync="TRUE"></ScopeCd></mdHrLv><mdHrLvName Sync="TRUE">dataset</mdHrLvName><refSysInfo><RefSystem><refSysID><identCode code="3857" Sync="TRUE"></identCode><idCodeSpace Sync="TRUE">EPSG</idCodeSpace><idVersion Sync="TRUE">8.8(9.3.1.2)</idVersion></refSysID></RefSystem></refSysInfo><spatRepInfo><VectSpatRep><geometObjs Name="Export_Output_Merge4"><geoObjTyp><GeoObjTypCd value="002" Sync="TRUE"></GeoObjTypCd></geoObjTyp><geoObjCnt Sync="TRUE">0</geoObjCnt></geometObjs><topLvl><TopoLevCd value="001" Sync="TRUE"></TopoLevCd></topLvl></VectSpatRep></spatRepInfo><spdoinfo><ptvctinf><esriterm Name="Export_Output_Merge4"><efeatyp Sync="TRUE">Simple</efeatyp><efeageom code="4" Sync="TRUE"></efeageom><esritopo Sync="TRUE">FALSE</esritopo><efeacnt Sync="TRUE">0</efeacnt><spindex Sync="TRUE">TRUE</spindex><linrefer Sync="TRUE">TRUE</linrefer></esriterm></ptvctinf></spdoinfo><eainfo><detailed Name="Export_Output_Merge4"><enttyp><enttypl Sync="TRUE">Export_Output_Merge4</enttypl><enttypt Sync="TRUE">Feature Class</enttypt><enttypc Sync="TRUE">0</enttypc></enttyp><attr><attrlabl Sync="TRUE">OBJECTID_12</attrlabl><attalias Sync="TRUE">OBJECTID_12</attalias><attrtype Sync="TRUE">OID</attrtype><attwidth Sync="TRUE">4</attwidth><atprecis Sync="TRUE">0</atprecis><attscale Sync="TRUE">0</attscale><attrdef Sync="TRUE">Internal feature number.</attrdef><attrdefs Sync="TRUE">Esri</attrdefs><attrdomv><udom Sync="TRUE">Sequential unique whole numbers that are automatically generated.</udom></attrdomv></attr><attr><attrlabl Sync="TRUE">OBJECTID_1</attrlabl><attalias Sync="TRUE">OBJECTID_1</attalias><attrtype Sync="TRUE">Integer</attrtype><attwidth Sync="TRUE">4</attwidth><atprecis Sync="TRUE">0</atprecis><attscale Sync="TRUE">0</attscale><attrdef Sync="TRUE">Internal feature number.</attrdef><attrdefs Sync="TRUE">Esri</attrdefs><attrdomv><udom Sync="TRUE">Sequential unique whole numbers that are automatically generated.</udom></attrdomv></attr><attr><attrlabl Sync="TRUE">Shape</attrlabl><attalias Sync="TRUE">Shape</attalias><attrtype Sync="TRUE">Geometry</attrtype><attwidth Sync="TRUE">0</attwidth><atprecis Sync="TRUE">0</atprecis><attscale Sync="TRUE">0</attscale><attrdef Sync="TRUE">Feature geometry.</attrdef><attrdefs Sync="TRUE">Esri</attrdefs><attrdomv><udom Sync="TRUE">Coordinates defining the features.</udom></attrdomv></attr><attr><attrlabl Sync="TRUE">OBJECTID</attrlabl><attalias Sync="TRUE">OBJECTID</attalias><attrtype Sync="TRUE">Integer</attrtype><attwidth Sync="TRUE">4</attwidth><atprecis Sync="TRUE">0</atprecis><attscale Sync="TRUE">0</attscale></attr><attr><attrlabl Sync="TRUE">LEASE_NO</attrlabl><attalias Sync="TRUE">LEASE_NO</attalias><attrtype Sync="TRUE">String</attrtype><attwidth Sync="TRUE">254</attwidth><atprecis Sync="TRUE">0</atprecis><attscale Sync="TRUE">0</attscale></attr><attr><attrlabl Sync="TRUE">EFFECTIVE</attrlabl><attalias Sync="TRUE">EFFECTIVE</attalias><attrtype Sync="TRUE">Date</attrtype><attwidth Sync="TRUE">8</attwidth><atprecis Sync="TRUE">0</atprecis><attscale Sync="TRUE">0</attscale></attr><attr><attrlabl Sync="TRUE">EXPIRATION</attrlabl><attalias Sync="TRUE">EXPIRATION</attalias><attrtype Sync="TRUE">Date</attrtype><attwidth Sync="TRUE">8</attwidth><atprecis Sync="TRUE">0</atprecis><attscale Sync="TRUE">0</attscale></attr><attr><attrlabl Sync="TRUE">DUE_DATE</attrlabl><attalias Sync="TRUE">DUE_DATE</attalias><attrtype Sync="TRUE">Date</attrtype><attwidth Sync="TRUE">8</attwidth><atprecis Sync="TRUE">0</atprecis><attscale Sync="TRUE">0</attscale></attr><attr><attrlabl Sync="TRUE">ACRES</attrlabl><attalias Sync="TRUE">ACRES</attalias><attrtype Sync="TRUE">Double</attrtype><attwidth Sync="TRUE">8</attwidth><atprecis Sync="TRUE">0</atprecis><attscale Sync="TRUE">0</attscale></attr><attr><attrlabl Sync="TRUE">TOTAL_PAID</attrlabl><attalias Sync="TRUE">TOTAL_PAID</attalias><attrtype Sync="TRUE">Double</attrtype><attwidth Sync="TRUE">8</attwidth><atprecis Sync="TRUE">0</atprecis><attscale Sync="TRUE">0</attscale></attr><attr><attrlabl Sync="TRUE">NO__OF_ACR</attrlabl><attalias Sync="TRUE">NO__OF_ACR</attalias><attrtype Sync="TRUE">Double</attrtype><attwidth Sync="TRUE">8</attwidth><atprecis Sync="TRUE">0</atprecis><attscale Sync="TRUE">0</attscale></attr><attr><attrlabl Sync="TRUE">COUNTY</attrlabl><attalias Sync="TRUE">COUNTY</attalias><attrtype Sync="TRUE">String</attrtype><attwidth Sync="TRUE">254</attwidth><atprecis Sync="TRUE">0</atprecis><attscale Sync="TRUE">0</attscale></attr><attr><attrlabl Sync="TRUE">ST</attrlabl><attalias Sync="TRUE">ST</attalias><attrtype Sync="TRUE">String</attrtype><attwidth Sync="TRUE">254</attwidth><atprecis Sync="TRUE">0</atprecis><attscale Sync="TRUE">0</attscale></attr><attr><attrlabl Sync="TRUE">Ownership</attrlabl><attalias Sync="TRUE">Ownership</attalias><attrtype Sync="TRUE">String</attrtype><attwidth Sync="TRUE">50</attwidth><atprecis Sync="TRUE">0</atprecis><attscale Sync="TRUE">0</attscale></attr><attr><attrlabl Sync="TRUE">Shape_Leng</attrlabl><attalias Sync="TRUE">Shape_Leng</attalias><attrtype Sync="TRUE">Double</attrtype><attwidth Sync="TRUE">8</attwidth><atprecis Sync="TRUE">0</atprecis><attscale Sync="TRUE">0</attscale></attr><attr><attrlabl Sync="TRUE">Shape_Area</attrlabl><attalias Sync="TRUE">Shape_Area</attalias><attrtype Sync="TRUE">Double</attrtype><attwidth Sync="TRUE">8</attwidth><atprecis Sync="TRUE">0</atprecis><attscale Sync="TRUE">0</attscale><attrdef Sync="TRUE">Area of feature in internal units squared.</attrdef><attrdefs Sync="TRUE">Esri</attrdefs><attrdomv><udom Sync="TRUE">Positive real numbers that are automatically generated.</udom></attrdomv></attr><attr><attrlabl Sync="TRUE">GeneralLoc</attrlabl><attalias Sync="TRUE">GeneralLoc</attalias><attrtype Sync="TRUE">String</attrtype><attwidth Sync="TRUE">5</attwidth><atprecis Sync="TRUE">0</atprecis><attscale Sync="TRUE">0</attscale></attr><attr><attrlabl Sync="TRUE">Due_Year</attrlabl><attalias Sync="TRUE">Due_Year</attalias><attrtype Sync="TRUE">Integer</attrtype><attwidth Sync="TRUE">4</attwidth><atprecis Sync="TRUE">0</atprecis><attscale Sync="TRUE">0</attscale></attr><attr><attrlabl Sync="TRUE">HYPERLINK</attrlabl><attalias Sync="TRUE">HYPERLINK</attalias><attrtype Sync="TRUE">String</attrtype><attwidth Sync="TRUE">254</attwidth><atprecis Sync="TRUE">0</atprecis><attscale Sync="TRUE">0</attscale></attr><attr><attrlabl Sync="TRUE">Shape_Le_1</attrlabl><attalias Sync="TRUE">Shape_Le_1</attalias><attrtype Sync="TRUE">Double</attrtype><attwidth Sync="TRUE">8</attwidth><atprecis Sync="TRUE">0</atprecis><attscale Sync="TRUE">0</attscale></attr><attr><attrlabl Sync="TRUE">Shape_Length</attrlabl><attalias Sync="TRUE">Shape_Length</attalias><attrtype Sync="TRUE">Double</attrtype><attwidth Sync="TRUE">8</attwidth><atprecis Sync="TRUE">0</atprecis><attscale Sync="TRUE">0</attscale><attrdef Sync="TRUE">Length of feature in internal units.</attrdef><attrdefs Sync="TRUE">Esri</attrdefs><attrdomv><udom Sync="TRUE">Positive real numbers that are automatically generated.</udom></attrdomv></attr><attr><attrlabl Sync="TRUE">Comments</attrlabl><attalias Sync="TRUE">Comments</attalias><attrtype Sync="TRUE">String</attrtype><attwidth Sync="TRUE">250</attwidth><atprecis Sync="TRUE">0</atprecis><attscale Sync="TRUE">0</attscale></attr></detailed></eainfo><mdDateSt Sync="TRUE">20200319</mdDateSt></metadata>
